id,official_name,common_name,type,parent_id,external_code,created_at,updated_at
1,Región Metropolitana,Región Metropolitana,REGION,,,2025-12-12 15:17:05,2025-12-12 15:17:05
2,Alhué,Alhué,COMMUNE,1,13502,2025-12-12 15:17:11,2025-12-12 15:17:11
3,Buin,Buin,COMMUNE,1,13402,2025-12-12 15:17:13,2025-12-12 15:17:13
4,Calera de Tango,Calera de Tango,COMMUNE,1,13403,2025-12-12 15:17:15,2025-12-12 15:17:15
5,Cerrillos,Cerrillos,COMMUNE,1,13102,2025-12-12 15:17:18,2025-12-12 15:17:18
6,Cerro Navia,Cerro Navia,COMMUNE,1,13103,2025-12-12 15:17:20,2025-12-12 15:17:20
7,Colina,Colina,COMMUNE,1,13301,2025-12-12 15:17:22,2025-12-12 15:17:22
8,Conchalí,Conchalí,COMMUNE,1,13104,2025-12-12 15:17:24,2025-12-12 15:17:24
9,Curacaví,Curacaví,COMMUNE,1,13405,2025-12-12 15:17:27,2025-12-12 15:17:27
10,El Bosque,El Bosque,COMMUNE,1,13105,2025-12-12 15:17:29,2025-12-12 15:17:29
11,El Monte,El Monte,COMMUNE,1,13603,2025-12-12 15:17:31,2025-12-12 15:17:31
12,Estación Central,Estación Central,COMMUNE,1,13106,2025-12-12 15:17:34,2025-12-12 15:17:34
13,Huechuraba,Huechuraba,COMMUNE,1,13107,2025-12-12 15:17:36,2025-12-12 15:17:36
14,Independencia,Independencia,COMMUNE,1,13108,2025-12-12 15:17:38,2025-12-12 15:17:38
15,Isla de Maipo,Isla de Maipo,COMMUNE,1,13406,2025-12-12 15:17:41,2025-12-12 15:17:41
16,La Cisterna,La Cisterna,COMMUNE,1,13109,2025-12-12 15:17:43,2025-12-12 15:17:43
17,La Florida,La Florida,COMMUNE,1,13110,2025-12-12 15:17:45,2025-12-12 15:17:45
18,La Granja,La Granja,COMMUNE,1,13111,2025-12-12 15:17:47,2025-12-12 15:17:47
19,La Pintana,La Pintana,COMMUNE,1,13112,2025-12-12 15:17:50,2025-12-12 15:17:50
20,La Reina,La Reina,COMMUNE,1,13113,2025-12-12 15:17:52,2025-12-12 15:17:52
21,Lampa,Lampa,COMMUNE,1,13302,2025-12-12 15:17:54,2025-12-12 15:17:54
22,Las Condes,Las Condes,COMMUNE,1,13114,2025-12-12 15:17:57,2025-12-12 15:17:57
23,Lo Barnechea,Lo Barnechea,COMMUNE,1,13115,2025-12-12 15:17:59,2025-12-12 15:17:59
24,Lo Espejo,Lo Espejo,COMMUNE,1,13116,2025-12-12 15:18:01,2025-12-12 15:18:01
25,Lo Prado,Lo Prado,COMMUNE,1,13117,2025-12-12 15:18:03,2025-12-12 15:18:03
26,Macul,Macul,COMMUNE,1,13118,2025-12-12 15:18:06,2025-12-12 15:18:06
27,Maipú,Maipú,COMMUNE,1,13119,2025-12-12 15:18:08,2025-12-12 15:18:08
28,María Pinto,María Pinto,COMMUNE,1,13503,2025-12-12 15:18:10,2025-12-12 15:18:10
29,Melipilla,Melipilla,COMMUNE,1,13501,2025-12-12 15:18:13,2025-12-12 15:18:13
30,Ñuñoa,Ñuñoa,COMMUNE,1,13120,2025-12-12 15:18:15,2025-12-12 15:18:15
31,Padre Hurtado,Padre Hurtado,COMMUNE,1,13604,2025-12-12 15:18:17,2025-12-12 15:18:17
32,Paine,Paine,COMMUNE,1,13404,2025-12-12 15:18:19,2025-12-12 15:18:19
33,Pedro Aguirre Cerda,Pedro Aguirre Cerda,COMMUNE,1,13121,2025-12-12 15:18:22,2025-12-12 15:18:22
34,Peñaflor,Peñaflor,COMMUNE,1,13605,2025-12-12 15:18:24,2025-12-12 15:18:24
35,Peñalolén,Peñalolén,COMMUNE,1,13122,2025-12-12 15:18:26,2025-12-12 15:18:26
36,Pirque,Pirque,COMMUNE,1,13202,2025-12-12 15:18:29,2025-12-12 15:18:29
37,Providencia,Providencia,COMMUNE,1,13123,2025-12-12 15:18:31,2025-12-12 15:18:31
38,Pudahuel,Pudahuel,COMMUNE,1,13123,2025-12-12 15:18:33,2025-12-12 15:18:33
39,Puente Alto,Puente Alto,COMMUNE,1,13201,2025-12-12 15:18:35,2025-12-12 15:18:35
40,Quilicura,Quilicura,COMMUNE,1,13124,2025-12-12 15:18:38,2025-12-12 15:18:38
41,Quinta Normal,Quinta Normal,COMMUNE,1,13125,2025-12-12 15:18:40,2025-12-12 15:18:40
42,Recoleta,Recoleta,COMMUNE,1,13126,2025-12-12 15:18:42,2025-12-12 15:18:42
43,Renca,Renca,COMMUNE,1,13127,2025-12-12 15:18:44,2025-12-12 15:18:44
44,San Bernardo,San Bernardo,COMMUNE,1,13401,2025-12-12 15:18:47,2025-12-12 15:18:47
45,San Joaquín,San Joaquín,COMMUNE,1,13128,2025-12-12 15:18:49,2025-12-12 15:18:49
46,San José de Maipo,San José de Maipo,COMMUNE,1,13203,2025-12-12 15:18:51,2025-12-12 15:18:51
47,San Miguel,San Miguel,COMMUNE,1,13129,2025-12-12 15:18:54,2025-12-12 15:18:54
48,San Pedro,San Pedro,COMMUNE,1,13504,2025-12-12 15:18:56,2025-12-12 15:18:56
49,San Ramón,San Ramón,COMMUNE,1,13130,2025-12-12 15:18:58,2025-12-12 15:18:58
50,Santiago,Santiago,COMMUNE,1,13101,2025-12-12 15:19:01,2025-12-12 15:19:01
51,Talagante,Talagante,COMMUNE,1,13601,2025-12-12 15:19:03,2025-12-12 15:19:03
52,Tiltil,Tiltil,COMMUNE,1,13303,2025-12-12 15:19:05,2025-12-12 15:19:05
53,Vitacura,Vitacura,COMMUNE,1,13131,2025-12-12 15:19:07,2025-12-12 15:19:07
